program_id,program_name,field_tags,mentor_id,mentor_name,mentor_location,expertise_tags,languages,years_experience,institution_id,institution_name,locations,overall_ranking,pred_label_match
685,Engineering,Information Technology;Data Science;Engineering,84,Trang Liu,wollongong,Information Technology;Computer Science,Nepali;Japanese,8,23,Swinburne University of Technology,wollongong,258,0.7195
685,Engineering,Information Technology;Data Science;Engineering,555,Olivia Ng,wollongong,Data Science;Information Technology;Finance,Nepali;French,2,23,Swinburne University of Technology,wollongong,258,0.6558
685,Engineering,Information Technology;Data Science;Engineering,43,Jacob Liu,wollongong,Engineering;Information Technology;Ecology;Data Science,English,3,23,Swinburne University of Technology,wollongong,258,0.6454
685,Engineering,Information Technology;Data Science;Engineering,222,Ethan Jamal,wollongong,Data Science;Computer Science;Public Health,Mandarin;Vietnamese;Thai,12,23,Swinburne University of Technology,wollongong,258,0.6277
685,Engineering,Information Technology;Data Science;Engineering,641,Sam Patel,wollongong,Environmental Science;Engineering;Design,Korean;Hindi;French,9,23,Swinburne University of Technology,wollongong,258,0.6029
685,Engineering,Information Technology;Data Science;Engineering,104,Levi Clark,wollongong,Environmental Science;International Law;Information Technology;Renewable Energy,German;Vietnamese,1,23,Swinburne University of Technology,wollongong,258,0.577
685,Engineering,Information Technology;Data Science;Engineering,98,Hannah Taylor,wollongong,Computer Science;Data Science;Psychology;Law,Thai;Nepali,19,23,Swinburne University of Technology,wollongong,258,0.5614
685,Engineering,Information Technology;Data Science;Engineering,100,Maria Anderson,wollongong,Environmental Science;Architecture;Computer Science;Psychology,Thai;Indonesian;Korean,17,23,Swinburne University of Technology,wollongong,258,0.5482
685,Engineering,Information Technology;Data Science;Engineering,209,Kim Singh,wollongong,Psychology;Computer Science,Italian;German;Korean,5,23,Swinburne University of Technology,wollongong,258,0.5437
685,Engineering,Information Technology;Data Science;Engineering,498,Mila Ivanov,wollongong,Data Science;Renewable Energy,Indonesian;Arabic;Hindi,18,23,Swinburne University of Technology,wollongong,258,0.5428
685,Engineering,Information Technology;Data Science;Engineering,200,Marcus Yang,wollongong,Information Technology;Engineering;Banking;International Law,Urdu;Russian,10,23,Swinburne University of Technology,wollongong,258,0.5399
685,Engineering,Information Technology;Data Science;Engineering,592,Liam Brown,wollongong,Law;Information Technology,Russian;Thai,18,23,Swinburne University of Technology,wollongong,258,0.5327
685,Engineering,Information Technology;Data Science;Engineering,545,Qiang Choi,wollongong,Computer Science;Public Health;Law;Environmental Science,Spanish,17,23,Swinburne University of Technology,wollongong,258,0.5307
685,Engineering,Information Technology;Data Science;Engineering,450,Mohammed Trivedi,wollongong,Public Health;Architecture;Computer Science,Korean,8,23,Swinburne University of Technology,wollongong,258,0.5306
685,Engineering,Information Technology;Data Science;Engineering,700,Levi Brown,wollongong,Computer Science;Law,Vietnamese;Arabic,8,23,Swinburne University of Technology,wollongong,258,0.5188
685,Engineering,Information Technology;Data Science;Engineering,394,Farah Grant,wollongong,Information Technology;Business;Public Health;Finance,Urdu;English,6,23,Swinburne University of Technology,wollongong,258,0.514
685,Engineering,Information Technology;Data Science;Engineering,96,Ana Clark,wollongong,Banking;Education;Public Health;Information Technology,Hindi;Spanish;Japanese,9,23,Swinburne University of Technology,wollongong,258,0.5022
685,Engineering,Information Technology;Data Science;Engineering,593,Isha Trivedi,wollongong,Data Science;Banking;Marketing,Spanish;French;Urdu,13,23,Swinburne University of Technology,wollongong,258,0.4988
685,Engineering,Information Technology;Data Science;Engineering,379,Zara Kumar,wollongong,Data Science;Education;Law;Marketing,Urdu;Vietnamese;Russian,4,23,Swinburne University of Technology,wollongong,258,0.4909
685,Engineering,Information Technology;Data Science;Engineering,422,Sam Hussain,wollongong,Business;Banking;Artificial Intelligence;Engineering,Korean;Mandarin;Thai,13,23,Swinburne University of Technology,wollongong,258,0.4833
685,Engineering,Information Technology;Data Science;Engineering,800,Ava Wilson,wollongong,Psychology;Business;Ecology;Information Technology,Italian;Nepali;Hindi,13,23,Swinburne University of Technology,wollongong,258,0.476
685,Engineering,Information Technology;Data Science;Engineering,368,Aria Baker,wollongong,Engineering;Design;Accounting;Marketing,Nepali;Vietnamese,16,23,Swinburne University of Technology,wollongong,258,0.4747
685,Engineering,Information Technology;Data Science;Engineering,169,Karan Fisher,wollongong,Engineering;International Law;Banking,Russian,7,23,Swinburne University of Technology,wollongong,258,0.4739
685,Engineering,Information Technology;Data Science;Engineering,246,Rohan Ivanov,wollongong,Nursing;Psychology;Business;Information Technology,Spanish;Nepali;Mandarin,13,23,Swinburne University of Technology,wollongong,258,0.461
685,Engineering,Information Technology;Data Science;Engineering,360,Aisha Nguyen,wollongong,Environmental Science;Education;Architecture;Law,Mandarin;Thai;German,10,23,Swinburne University of Technology,wollongong,258,0.4571
685,Engineering,Information Technology;Data Science;Engineering,420,Mei Clark,wollongong,Artificial Intelligence;Architecture;Environmental Science;Finance,Arabic,18,23,Swinburne University of Technology,wollongong,258,0.4539
685,Engineering,Information Technology;Data Science;Engineering,717,Wei Baker,wollongong,Renewable Energy;Banking;Ecology;Data Science,Italian;Korean,14,23,Swinburne University of Technology,wollongong,258,0.4469
685,Engineering,Information Technology;Data Science;Engineering,163,Soojin Davis,wollongong,Education;Marketing;Design,Hindi,16,23,Swinburne University of Technology,wollongong,258,0.4385
685,Engineering,Information Technology;Data Science;Engineering,697,Lara Rodriguez,wollongong,Architecture;Business,Mandarin,11,23,Swinburne University of Technology,wollongong,258,0.4348
685,Engineering,Information Technology;Data Science;Engineering,233,Farah Khan,wollongong,Sustainable Design;Artificial Intelligence;International Law,Japanese;Urdu,11,23,Swinburne University of Technology,wollongong,258,0.4314
685,Engineering,Information Technology;Data Science;Engineering,210,Li Jones,wollongong,Accounting;Environmental Science;Banking;Sustainable Design,Korean;Urdu;Mandarin,8,23,Swinburne University of Technology,wollongong,258,0.4291
685,Engineering,Information Technology;Data Science;Engineering,757,Yuki Yang,wollongong,Education;Finance,Korean;Japanese,4,23,Swinburne University of Technology,wollongong,258,0.4198
685,Engineering,Information Technology;Data Science;Engineering,486,Fatima Ahmed,wollongong,Education;Law,Russian,16,23,Swinburne University of Technology,wollongong,258,0.414
685,Engineering,Information Technology;Data Science;Engineering,62,Lucia Patel,wollongong,International Law;Architecture,Urdu;Italian;Vietnamese,16,23,Swinburne University of Technology,wollongong,258,0.4127
685,Engineering,Information Technology;Data Science;Engineering,581,Noor Gupta,wollongong,International Law;Marketing,Hindi,1,23,Swinburne University of Technology,wollongong,258,0.4094
685,Engineering,Information Technology;Data Science;Engineering,217,Jia Lee,wollongong,Education;Renewable Energy;Artificial Intelligence,German;Thai;Spanish,9,23,Swinburne University of Technology,wollongong,258,0.4085
685,Engineering,Information Technology;Data Science;Engineering,44,Qiang Johnson,wollongong,Education;Law;Artificial Intelligence,Spanish;Vietnamese,16,23,Swinburne University of Technology,wollongong,258,0.4063
685,Engineering,Information Technology;Data Science;Engineering,432,Min Patel,wollongong,Ecology;Education;Sustainable Design,Thai;Italian;Urdu,12,23,Swinburne University of Technology,wollongong,258,0.3987
685,Engineering,Information Technology;Data Science;Engineering,45,Ethan Miller,wollongong,Design;Law,Korean,7,23,Swinburne University of Technology,wollongong,258,0.3979
685,Engineering,Information Technology;Data Science;Engineering,739,Eli Nakamura,wollongong,Business;Banking,Nepali,9,23,Swinburne University of Technology,wollongong,258,0.3941
685,Engineering,Information Technology;Data Science;Engineering,271,Isha Fernandez,wollongong,Accounting;International Law;Psychology;Design,Mandarin;Korean;Arabic,6,23,Swinburne University of Technology,wollongong,258,0.3874
685,Engineering,Information Technology;Data Science;Engineering,323,Riya Wang,wollongong,Renewable Energy;Artificial Intelligence,Vietnamese;Nepali;Korean,5,23,Swinburne University of Technology,wollongong,258,0.3834
685,Engineering,Information Technology;Data Science;Engineering,582,Nguyen Lee,wollongong,Sustainable Design;Banking,Arabic;Urdu;Vietnamese,5,23,Swinburne University of Technology,wollongong,258,0.382
685,Engineering,Information Technology;Data Science;Engineering,25,Nguyen Patel,wollongong,Finance;Psychology;Marketing,French;German,16,23,Swinburne University of Technology,wollongong,258,0.3748
685,Engineering,Information Technology;Data Science;Engineering,655,Jorge Johnson,wollongong,Education;Accounting;International Law;Finance,Thai;Japanese;Vietnamese,6,23,Swinburne University of Technology,wollongong,258,0.3744
685,Engineering,Information Technology;Data Science;Engineering,524,Soojin Sanchez,wollongong,Education;Finance;Renewable Energy;Law,Thai;English,15,23,Swinburne University of Technology,wollongong,258,0.3691
685,Engineering,Information Technology;Data Science;Engineering,151,Alice Miller,wollongong,Law;Architecture,Korean;Italian;Hindi,11,23,Swinburne University of Technology,wollongong,258,0.3663
685,Engineering,Information Technology;Data Science;Engineering,533,Alice Patel,wollongong,Artificial Intelligence;Public Health;Nursing,Hindi;French,12,23,Swinburne University of Technology,wollongong,258,0.3505
685,Engineering,Information Technology;Data Science;Engineering,580,Kim Martinez,wollongong,Ecology;Marketing,Mandarin;English,16,23,Swinburne University of Technology,wollongong,258,0.35
685,Engineering,Information Technology;Data Science;Engineering,794,Lucas Rahman,wollongong,Ecology;Public Health;Law,Nepali;Mandarin,12,23,Swinburne University of Technology,wollongong,258,0.35
685,Engineering,Information Technology;Data Science;Engineering,335,Hanna Rossi,wollongong,International Law;Film;Sustainable Design;Renewable Energy,Urdu;Russian;Italian,14,23,Swinburne University of Technology,wollongong,258,0.3488
685,Engineering,Information Technology;Data Science;Engineering,485,Hiroshi Trivedi,wollongong,Artificial Intelligence;Nursing,Italian;Urdu;Korean,3,23,Swinburne University of Technology,wollongong,258,0.3417
685,Engineering,Information Technology;Data Science;Engineering,362,Ethan Rahman,wollongong,International Law;Psychology;Film,Russian;Indonesian,5,23,Swinburne University of Technology,wollongong,258,0.3413
685,Engineering,Information Technology;Data Science;Engineering,183,Eli Patel,wollongong,Ecology;Finance;Law,German;Japanese;Vietnamese,13,23,Swinburne University of Technology,wollongong,258,0.3237
685,Engineering,Information Technology;Data Science;Engineering,687,Aisha Yang,wollongong,Psychology;Film,Italian;Japanese;Korean,5,23,Swinburne University of Technology,wollongong,258,0.32
685,Engineering,Information Technology;Data Science;Engineering,576,Ravi Bianchi,wollongong,Accounting;Psychology;Nursing,Nepali;Mandarin,5,23,Swinburne University of Technology,wollongong,258,0.3192
685,Engineering,Information Technology;Data Science;Engineering,406,Nguyen Sanchez,wollongong,Nursing;Finance,Mandarin;Russian,13,23,Swinburne University of Technology,wollongong,258,0.3148
685,Engineering,Information Technology;Data Science;Engineering,77,Arjun Jones,wollongong,Accounting;Ecology,Hindi;German,18,23,Swinburne University of Technology,wollongong,258,0.3045
685,Engineering,Information Technology;Data Science;Engineering,251,Keiko Jamal,wollongong,Accounting;Film,Indonesian,1,23,Swinburne University of Technology,wollongong,258,0.276
685,Engineering,Information Technology;Data Science;Engineering,395,Mila Singh,wollongong,Cybersecurity;Sustainable Design;Nursing,Italian;English,3,23,Swinburne University of Technology,wollongong,258,0.263
1042,Education,Cybersecurity;Computer Science;Data Science,535,Arjun Fernandez,adelaide,Information Technology;Computer Science;Sustainable Design,Nepali,5,34,University of South Australia (UniSA),adelaide,314,0.5347
1042,Education,Cybersecurity;Computer Science;Data Science,219,Zoe Khan,adelaide,Computer Science;Public Health,Thai,7,34,University of South Australia (UniSA),adelaide,314,0.4528
1042,Education,Cybersecurity;Computer Science;Data Science,376,Sara Anderson,adelaide,Information Technology;Nursing;Data Science;Marketing,English,17,34,University of South Australia (UniSA),adelaide,314,0.4459
1042,Education,Cybersecurity;Computer Science;Data Science,354,Sienna Jackson,adelaide,Film;Engineering;Data Science;Environmental Science,Indonesian;Japanese;Italian,18,34,University of South Australia (UniSA),adelaide,314,0.4451
1042,Education,Cybersecurity;Computer Science;Data Science,378,Iris Chan,adelaide,Engineering;Cybersecurity;Data Science;Public Health,Arabic,18,34,University of South Australia (UniSA),adelaide,314,0.4392
1042,Education,Cybersecurity;Computer Science;Data Science,261,Daniel Sharma,adelaide,Data Science;Business,Nepali;Russian,5,34,University of South Australia (UniSA),adelaide,314,0.4375
1042,Education,Cybersecurity;Computer Science;Data Science,268,Pavel O'Neill,adelaide,Information Technology;Artificial Intelligence,English;Urdu,16,34,University of South Australia (UniSA),adelaide,314,0.4341
1042,Education,Cybersecurity;Computer Science;Data Science,160,Kai Wilson,adelaide,Law;Computer Science,Vietnamese;French,18,34,University of South Australia (UniSA),adelaide,314,0.4329
1042,Education,Cybersecurity;Computer Science;Data Science,607,Aiden Rossi,adelaide,Computer Science;Law,Korean;Hindi;French,10,34,University of South Australia (UniSA),adelaide,314,0.4329
1042,Education,Cybersecurity;Computer Science;Data Science,417,Qiang Grant,adelaide,Data Science;Design,Arabic;Italian;Indonesian,12,34,University of South Australia (UniSA),adelaide,314,0.4299
1042,Education,Cybersecurity;Computer Science;Data Science,579,Lara Trivedi,adelaide,Architecture;Artificial Intelligence;Data Science,Thai;English,18,34,University of South Australia (UniSA),adelaide,314,0.4091
1042,Education,Cybersecurity;Computer Science;Data Science,648,Grace Zhang,adelaide,Computer Science;Accounting;Education,Japanese;Vietnamese,12,34,University of South Australia (UniSA),adelaide,314,0.4039
1042,Education,Cybersecurity;Computer Science;Data Science,125,Benjamin Xu,adelaide,Information Technology;Marketing;International Law;Environmental Science,Nepali;German;Italian,4,34,University of South Australia (UniSA),adelaide,314,0.4034
1042,Education,Cybersecurity;Computer Science;Data Science,707,Leo Hussain,adelaide,Data Science;Finance,Russian;Spanish,15,34,University of South Australia (UniSA),adelaide,314,0.4019
1042,Education,Cybersecurity;Computer Science;Data Science,625,Kai Akhtar,adelaide,International Law;Engineering;Information Technology;Education,German;French;Arabic,14,34,University of South Australia (UniSA),adelaide,314,0.4011
1042,Education,Cybersecurity;Computer Science;Data Science,179,Hiroshi Wang,adelaide,Environmental Science;Architecture;Information Technology;Banking,Thai;Italian;German,5,34,University of South Australia (UniSA),adelaide,314,0.3981
1042,Education,Cybersecurity;Computer Science;Data Science,632,Riya Li,adelaide,Environmental Science;Cybersecurity;International Law;Artificial Intelligence,Italian;Korean;French,8,34,University of South Australia (UniSA),adelaide,314,0.3956
1042,Education,Cybersecurity;Computer Science;Data Science,387,Aria Wilson,adelaide,Information Technology;International Law;Sustainable Design,Indonesian,9,34,University of South Australia (UniSA),adelaide,314,0.3913
1042,Education,Cybersecurity;Computer Science;Data Science,245,Hanna Chen,adelaide,Architecture;Banking;Computer Science,Russian;German;Hindi,1,34,University of South Australia (UniSA),adelaide,314,0.3788
1042,Education,Cybersecurity;Computer Science;Data Science,416,Aiden Wang,adelaide,Computer Science;Renewable Energy;Finance;Law,English;Mandarin;Hindi,11,34,University of South Australia (UniSA),adelaide,314,0.3725
1042,Education,Cybersecurity;Computer Science;Data Science,292,Priya Liu,adelaide,Cybersecurity;Accounting,Indonesian,11,34,University of South Australia (UniSA),adelaide,314,0.3646
1042,Education,Cybersecurity;Computer Science;Data Science,441,Sam Wang,adelaide,Cybersecurity;Accounting,Nepali;Russian,1,34,University of South Australia (UniSA),adelaide,314,0.3646
1042,Education,Cybersecurity;Computer Science;Data Science,460,Nguyen Martinez,adelaide,Cybersecurity;Accounting,Thai;Spanish;Mandarin,1,34,University of South Australia (UniSA),adelaide,314,0.3646
1042,Education,Cybersecurity;Computer Science;Data Science,257,Omar Singh,adelaide,Banking;Computer Science;Finance,Urdu;Mandarin,9,34,University of South Australia (UniSA),adelaide,314,0.3572
1042,Education,Cybersecurity;Computer Science;Data Science,683,Daniel Campbell,adelaide,Education;Psychology;Engineering,German;Urdu;Thai,8,34,University of South Australia (UniSA),adelaide,314,0.3521
1042,Education,Cybersecurity;Computer Science;Data Science,78,Aiden Le,adelaide,Accounting;Environmental Science;International Law,French,14,34,University of South Australia (UniSA),adelaide,314,0.3482
1042,Education,Cybersecurity;Computer Science;Data Science,699,Grace Omar,adelaide,Engineering;Banking;Film;Computer Science,Italian;Nepali;English,10,34,University of South Australia (UniSA),adelaide,314,0.3429
1042,Education,Cybersecurity;Computer Science;Data Science,462,Pavel Martinez,adelaide,Cybersecurity;Design,German,7,34,University of South Australia (UniSA),adelaide,314,0.3417
1042,Education,Cybersecurity;Computer Science;Data Science,247,Benjamin Khan,adelaide,Marketing;Environmental Science;Business,Spanish;English;Arabic,19,34,University of South Australia (UniSA),adelaide,314,0.3343
1042,Education,Cybersecurity;Computer Science;Data Science,386,Chen Campbell,adelaide,Cybersecurity;Ecology,Korean,16,34,University of South Australia (UniSA),adelaide,314,0.3335
1042,Education,Cybersecurity;Computer Science;Data Science,698,Evelyn Rahman,adelaide,Architecture;Engineering,Hindi;Indonesian,2,34,University of South Australia (UniSA),adelaide,314,0.3294
1042,Education,Cybersecurity;Computer Science;Data Science,550,Ethan Xu,adelaide,Artificial Intelligence;Education,Russian,18,34,University of South Australia (UniSA),adelaide,314,0.3201
1042,Education,Cybersecurity;Computer Science;Data Science,553,Pavel Khan,adelaide,Nursing;Artificial Intelligence;Renewable Energy;Cybersecurity,French;Nepali,1,34,University of South Australia (UniSA),adelaide,314,0.3198
1042,Education,Cybersecurity;Computer Science;Data Science,753,Maya Trivedi,adelaide,Ecology;Banking;Environmental Science;International Law,Arabic;Korean,5,34,University of South Australia (UniSA),adelaide,314,0.3147
1042,Education,Cybersecurity;Computer Science;Data Science,165,Benjamin Anderson,adelaide,Engineering;Film,Italian;Nepali,4,34,University of South Australia (UniSA),adelaide,314,0.3121
1042,Education,Cybersecurity;Computer Science;Data Science,504,Rohan Hernandez,adelaide,Finance;Nursing;Accounting;Information Technology,Nepali;French;Vietnamese,12,34,University of South Australia (UniSA),adelaide,314,0.3105
1042,Education,Cybersecurity;Computer Science;Data Science,235,Isha Liu,adelaide,Sustainable Design;Education,Mandarin;French;English,7,34,University of South Australia (UniSA),adelaide,314,0.3067
1042,Education,Cybersecurity;Computer Science;Data Science,283,Farah Wang,adelaide,Education;Ecology;Psychology,Urdu;Japanese,13,34,University of South Australia (UniSA),adelaide,314,0.301
1042,Education,Cybersecurity;Computer Science;Data Science,633,Jin Grant,adelaide,Film;Public Health;Artificial Intelligence;Sustainable Design,German;Japanese;Urdu,1,34,University of South Australia (UniSA),adelaide,314,0.2991
1042,Education,Cybersecurity;Computer Science;Data Science,773,Mohammed Trivedi,adelaide,Law;Education;Film;Engineering,Italian;Urdu,7,34,University of South Australia (UniSA),adelaide,314,0.2956
1042,Education,Cybersecurity;Computer Science;Data Science,436,Aarav O'Neill,adelaide,Sustainable Design;Artificial Intelligence,Korean;German;Japanese,12,34,University of South Australia (UniSA),adelaide,314,0.2952
1042,Education,Cybersecurity;Computer Science;Data Science,148,Keiko Trivedi,adelaide,Design;International Law;Psychology,Indonesian,12,34,University of South Australia (UniSA),adelaide,314,0.2932
1042,Education,Cybersecurity;Computer Science;Data Science,350,Rosa Davis,adelaide,Film;Engineering;Accounting,Nepali,13,34,University of South Australia (UniSA),adelaide,314,0.2898
1042,Education,Cybersecurity;Computer Science;Data Science,269,Owen Taylor,adelaide,International Law;Business,Mandarin,9,34,University of South Australia (UniSA),adelaide,314,0.2885
1042,Education,Cybersecurity;Computer Science;Data Science,311,Ravi Ivanov,adelaide,International Law;Design,Mandarin,4,34,University of South Australia (UniSA),adelaide,314,0.2871
1042,Education,Cybersecurity;Computer Science;Data Science,334,Jin Fisher,adelaide,Marketing;Education,Urdu,2,34,University of South Australia (UniSA),adelaide,314,0.2859
1042,Education,Cybersecurity;Computer Science;Data Science,131,Qiang Bianchi,adelaide,Business;Design,Italian,11,34,University of South Australia (UniSA),adelaide,314,0.2853
1042,Education,Cybersecurity;Computer Science;Data Science,615,Owen Baker,adelaide,Renewable Energy;Public Health;Artificial Intelligence;Architecture,Urdu;Thai,19,34,University of South Australia (UniSA),adelaide,314,0.2853
1042,Education,Cybersecurity;Computer Science;Data Science,332,Owen Khan,adelaide,Design;Nursing;Artificial Intelligence;Public Health,English;Mandarin;Urdu,6,34,University of South Australia (UniSA),adelaide,314,0.2766
1042,Education,Cybersecurity;Computer Science;Data Science,561,Mateo Ali,adelaide,Finance;Sustainable Design;Psychology,Mandarin;Korean,5,34,University of South Australia (UniSA),adelaide,314,0.2691
1042,Education,Cybersecurity;Computer Science;Data Science,512,Nora Miller,adelaide,Accounting;Artificial Intelligence,Italian;Arabic,4,34,University of South Australia (UniSA),adelaide,314,0.2682
1042,Education,Cybersecurity;Computer Science;Data Science,407,Nadia Grant,adelaide,Nursing;Psychology,German;Hindi;Korean,11,34,University of South Australia (UniSA),adelaide,314,0.2672
1042,Education,Cybersecurity;Computer Science;Data Science,37,Jorge Wang,adelaide,Architecture;Artificial Intelligence;Film,Indonesian,12,34,University of South Australia (UniSA),adelaide,314,0.2668
1042,Education,Cybersecurity;Computer Science;Data Science,483,Jacob Davis,adelaide,Sustainable Design;Film;Education;Accounting,German;Spanish;Korean,10,34,University of South Australia (UniSA),adelaide,314,0.2625
1042,Education,Cybersecurity;Computer Science;Data Science,259,Luca Khan,adelaide,Sustainable Design;International Law;Finance,Japanese;French;Thai,9,34,University of South Australia (UniSA),adelaide,314,0.2586
1042,Education,Cybersecurity;Computer Science;Data Science,776,Nguyen Sharma,adelaide,Public Health;Architecture;Nursing,Japanese;Urdu,6,34,University of South Australia (UniSA),adelaide,314,0.2569
1042,Education,Cybersecurity;Computer Science;Data Science,431,Alex Clark,adelaide,Design;Architecture;Marketing,Arabic,6,34,University of South Australia (UniSA),adelaide,314,0.2556
1042,Education,Cybersecurity;Computer Science;Data Science,218,Mei Sanchez,adelaide,Ecology;Architecture;Marketing,Urdu;German;Thai,3,34,University of South Australia (UniSA),adelaide,314,0.2518
1042,Education,Cybersecurity;Computer Science;Data Science,316,Ivy Patel,adelaide,Design;Ecology;Nursing,French;Urdu,14,34,University of South Australia (UniSA),adelaide,314,0.2513
1042,Education,Cybersecurity;Computer Science;Data Science,409,Jia Sharma,adelaide,Design;Accounting;Finance;Business,Urdu;Hindi;Arabic,8,34,University of South Australia (UniSA),adelaide,314,0.2449
1042,Education,Cybersecurity;Computer Science;Data Science,120,Mei Gupta,adelaide,Sustainable Design;Architecture;Nursing;Marketing,German;Russian;Mandarin,1,34,University of South Australia (UniSA),adelaide,314,0.2432
1042,Education,Cybersecurity;Computer Science;Data Science,30,Hannah Garcia,adelaide,Architecture;Law,Thai;Urdu;Arabic,16,34,University of South Australia (UniSA),adelaide,314,0.239
1042,Education,Cybersecurity;Computer Science;Data Science,624,Pavel Rodriguez,adelaide,Sustainable Design;Architecture;Finance;Nursing,Thai;French;Italian,18,34,University of South Australia (UniSA),adelaide,314,0.2371
1042,Education,Cybersecurity;Computer Science;Data Science,679,Mohammed Park,adelaide,Marketing;Nursing,Japanese,3,34,University of South Australia (UniSA),adelaide,314,0.2367
1042,Education,Cybersecurity;Computer Science;Data Science,255,Mei Rahman,adelaide,Marketing;Law,Hindi;Spanish;Vietnamese,8,34,University of South Australia (UniSA),adelaide,314,0.2348
1042,Education,Cybersecurity;Computer Science;Data Science,135,Hanna Jamal,adelaide,Banking;Finance;Public Health,Arabic,15,34,University of South Australia (UniSA),adelaide,314,0.2337
1042,Education,Cybersecurity;Computer Science;Data Science,690,Owen Rossi,adelaide,Banking;Marketing,Mandarin,13,34,University of South Australia (UniSA),adelaide,314,0.2254
1042,Education,Cybersecurity;Computer Science;Data Science,591,Emma Martin,adelaide,Finance;Film,Indonesian;Vietnamese,13,34,University of South Australia (UniSA),adelaide,314,0.2121
23,Information Technology,Public Health;Information Technology,264,Arjun Jamal,sydney,Environmental Science;Public Health;Information Technology,Nepali,19,1,Australian Catholic University (ACU),sydney,103,0.6428
23,Information Technology,Public Health;Information Technology,126,Amir Gupta,sydney,Information Technology;Environmental Science;Education,German;Thai;Mandarin,11,1,Australian Catholic University (ACU),sydney,103,0.6083
23,Information Technology,Public Health;Information Technology,331,Mateo Zhang,sydney,Information Technology;Environmental Science,English;Urdu,13,1,Australian Catholic University (ACU),sydney,103,0.6016
23,Information Technology,Public Health;Information Technology,196,Jacob Green,sydney,Education;Marketing;Information Technology,Thai;Spanish,6,1,Australian Catholic University (ACU),sydney,103,0.5525
23,Information Technology,Public Health;Information Technology,31,Farah Trivedi,sydney,Public Health;Finance;International Law,Nepali;Russian;Spanish,8,1,Australian Catholic University (ACU),sydney,103,0.5389
23,Information Technology,Public Health;Information Technology,327,Zoe Chen,sydney,Education;Business;Environmental Science,German;French,5,1,Australian Catholic University (ACU),sydney,103,0.5321
23,Information Technology,Public Health;Information Technology,71,Maya Baker,sydney,Ecology;Information Technology;Business;Public Health,Arabic,11,1,Australian Catholic University (ACU),sydney,103,0.5297
23,Information Technology,Public Health;Information Technology,716,Olivia Nakamura,sydney,Architecture;Information Technology;Computer Science,Thai;Spanish,19,1,Australian Catholic University (ACU),sydney,103,0.5259
23,Information Technology,Public Health;Information Technology,620,Mila Khan,sydney,Data Science;Business,Korean;English,7,1,Australian Catholic University (ACU),sydney,103,0.5208
23,Information Technology,Public Health;Information Technology,786,Rosa Campbell,sydney,Information Technology;Renewable Energy,Vietnamese,6,1,Australian Catholic University (ACU),sydney,103,0.5196
23,Information Technology,Public Health;Information Technology,28,Rosa Sanchez,sydney,Information Technology;Artificial Intelligence;Engineering,Vietnamese,18,1,Australian Catholic University (ACU),sydney,103,0.5111
23,Information Technology,Public Health;Information Technology,752,Evelyn Ali,sydney,Business;Computer Science,Nepali;Urdu;Indonesian,8,1,Australian Catholic University (ACU),sydney,103,0.5041
23,Information Technology,Public Health;Information Technology,47,Mohammed Green,sydney,Environmental Science;International Law;Law,Mandarin;Spanish;Thai,14,1,Australian Catholic University (ACU),sydney,103,0.5001
23,Information Technology,Public Health;Information Technology,476,Sam Taylor,sydney,Public Health;Film;Computer Science,Arabic;Spanish,1,1,Australian Catholic University (ACU),sydney,103,0.4912
23,Information Technology,Public Health;Information Technology,35,Sam Omar,sydney,Public Health;Law;Nursing,English;Italian;Russian,18,1,Australian Catholic University (ACU),sydney,103,0.4863
23,Information Technology,Public Health;Information Technology,577,Dinesh Chan,sydney,Environmental Science;Marketing,French;Korean;Mandarin,16,1,Australian Catholic University (ACU),sydney,103,0.4812
23,Information Technology,Public Health;Information Technology,388,Min Tran,sydney,Information Technology;Education;Architecture;Marketing,Russian;German;Spanish,5,1,Australian Catholic University (ACU),sydney,103,0.4808
23,Information Technology,Public Health;Information Technology,318,Nadia Sharma,sydney,Architecture;Information Technology,Indonesian;English,14,1,Australian Catholic University (ACU),sydney,103,0.4802
23,Information Technology,Public Health;Information Technology,585,Dinesh Tan,sydney,Information Technology;Computer Science;Artificial Intelligence;Ecology,Vietnamese;Spanish,8,1,Australian Catholic University (ACU),sydney,103,0.4672
23,Information Technology,Public Health;Information Technology,630,Mei Miller,sydney,International Law;Environmental Science;Banking,Italian,13,1,Australian Catholic University (ACU),sydney,103,0.4642
23,Information Technology,Public Health;Information Technology,42,Nadia Huang,sydney,Environmental Science;Sustainable Design;Marketing,Russian;Arabic,10,1,Australian Catholic University (ACU),sydney,103,0.4638
23,Information Technology,Public Health;Information Technology,24,Noelle Ali,sydney,International Law;Business;Marketing,Russian;Hindi,2,1,Australian Catholic University (ACU),sydney,103,0.459
23,Information Technology,Public Health;Information Technology,548,Ava Khan,sydney,Business;Renewable Energy;International Law,Indonesian;Thai,17,1,Australian Catholic University (ACU),sydney,103,0.4531
23,Information Technology,Public Health;Information Technology,102,Noelle Ivanov,sydney,Data Science;Design;Artificial Intelligence;Business,Japanese;Mandarin;Arabic,17,1,Australian Catholic University (ACU),sydney,103,0.4521
23,Information Technology,Public Health;Information Technology,41,Wei Choi,sydney,Marketing;Public Health;Design;Engineering,Urdu,4,1,Australian Catholic University (ACU),sydney,103,0.4519
23,Information Technology,Public Health;Information Technology,206,Qiang Lopez,sydney,Design;Education,German;Russian,6,1,Australian Catholic University (ACU),sydney,103,0.4514
23,Information Technology,Public Health;Information Technology,205,Luca Green,sydney,Design;Engineering;International Law;Computer Science,English;Hindi,4,1,Australian Catholic University (ACU),sydney,103,0.449
23,Information Technology,Public Health;Information Technology,689,Julia Patel,sydney,Education;Public Health;Cybersecurity;Law,Russian,11,1,Australian Catholic University (ACU),sydney,103,0.4486
23,Information Technology,Public Health;Information Technology,274,Mina Kaur,sydney,Banking;Business;Computer Science,Spanish;Hindi;Korean,16,1,Australian Catholic University (ACU),sydney,103,0.4485
23,Information Technology,Public Health;Information Technology,61,Liam Rahman,sydney,Engineering;Sustainable Design;Public Health;Accounting,Thai;Mandarin;Arabic,10,1,Australian Catholic University (ACU),sydney,103,0.447
23,Information Technology,Public Health;Information Technology,435,Qiang Huang,sydney,Marketing;Renewable Energy;Education,Korean;Japanese,1,1,Australian Catholic University (ACU),sydney,103,0.4439
23,Information Technology,Public Health;Information Technology,175,Theo Miller,sydney,Psychology;Banking;Information Technology,Indonesian,18,1,Australian Catholic University (ACU),sydney,103,0.435
23,Information Technology,Public Health;Information Technology,214,Emma Zhang,sydney,International Law;Architecture;Computer Science,Arabic,7,1,Australian Catholic University (ACU),sydney,103,0.4279
23,Information Technology,Public Health;Information Technology,623,Emma Smith,sydney,Data Science;Law;Ecology;Sustainable Design,Arabic;Russian;Nepali,10,1,Australian Catholic University (ACU),sydney,103,0.4224
23,Information Technology,Public Health;Information Technology,300,Aiden Tran,sydney,Environmental Science;Engineering;Business;Ecology,Vietnamese;English;Hindi,15,1,Australian Catholic University (ACU),sydney,103,0.4136
23,Information Technology,Public Health;Information Technology,411,Mila Bianchi,sydney,Sustainable Design;Marketing,Nepali;English;Urdu,4,1,Australian Catholic University (ACU),sydney,103,0.4092
23,Information Technology,Public Health;Information Technology,640,Maya Martin,sydney,Film;Psychology;Public Health,Nepali;Indonesian;English,6,1,Australian Catholic University (ACU),sydney,103,0.4083
23,Information Technology,Public Health;Information Technology,487,Luca Sharma,sydney,Finance;Marketing,Urdu;Russian,2,1,Australian Catholic University (ACU),sydney,103,0.4068
23,Information Technology,Public Health;Information Technology,146,Mei Bianchi,sydney,Accounting;Nursing;Data Science,Russian;Mandarin,19,1,Australian Catholic University (ACU),sydney,103,0.4041
23,Information Technology,Public Health;Information Technology,637,Noor Bianchi,sydney,Computer Science;Ecology,Spanish;Thai,18,1,Australian Catholic University (ACU),sydney,103,0.4033
23,Information Technology,Public Health;Information Technology,538,Ana Johnson,sydney,Banking;Ecology;Environmental Science;International Law,Arabic,6,1,Australian Catholic University (ACU),sydney,103,0.4015
23,Information Technology,Public Health;Information Technology,517,Isha Hernandez,sydney,Computer Science;Film;Engineering,Arabic,15,1,Australian Catholic University (ACU),sydney,103,0.401
23,Information Technology,Public Health;Information Technology,114,Noel Anderson,sydney,Computer Science;Design;Banking,Italian;Mandarin,2,1,Australian Catholic University (ACU),sydney,103,0.3949
23,Information Technology,Public Health;Information Technology,419,Suresh Kumar,sydney,Renewable Energy;Architecture;Banking;Data Science,German,9,1,Australian Catholic University (ACU),sydney,103,0.3912
23,Information Technology,Public Health;Information Technology,113,Nguyen Hernandez,sydney,Engineering;Finance;Computer Science;Film,Japanese;Arabic;German,18,1,Australian Catholic University (ACU),sydney,103,0.3895
23,Information Technology,Public Health;Information Technology,713,Omar Yang,sydney,Banking;Artificial Intelligence;Education;Ecology,Russian;Urdu;Hindi,1,1,Australian Catholic University (ACU),sydney,103,0.3827
23,Information Technology,Public Health;Information Technology,426,Noor Rodriguez,sydney,Sustainable Design;Design;Marketing,Thai,18,1,Australian Catholic University (ACU),sydney,103,0.3818
23,Information Technology,Public Health;Information Technology,336,Isha Wilson,sydney,Banking;Law,German;Italian;Korean,13,1,Australian Catholic University (ACU),sydney,103,0.3783
23,Information Technology,Public Health;Information Technology,250,Noel Xu,sydney,Data Science;Computer Science;Psychology;Cybersecurity,Japanese;English;Thai,13,1,Australian Catholic University (ACU),sydney,103,0.3734
23,Information Technology,Public Health;Information Technology,748,Keiko Campbell,sydney,Finance;Accounting,Spanish;Vietnamese;Japanese,4,1,Australian Catholic University (ACU),sydney,103,0.3656
23,Information Technology,Public Health;Information Technology,73,Dinesh Hernandez,sydney,Psychology;Nursing;International Law;Engineering,Japanese;Italian,5,1,Australian Catholic University (ACU),sydney,103,0.3559
23,Information Technology,Public Health;Information Technology,142,Emma Omar,sydney,Film;Education;Accounting;Artificial Intelligence,Arabic;German;Vietnamese,7,1,Australian Catholic University (ACU),sydney,103,0.3532
23,Information Technology,Public Health;Information Technology,408,Lara Kaur,sydney,Nursing;Banking;International Law;Accounting,Spanish;Italian;Nepali,12,1,Australian Catholic University (ACU),sydney,103,0.3505
23,Information Technology,Public Health;Information Technology,204,Jorge Taylor,sydney,Cybersecurity;Public Health;Banking;Nursing,Vietnamese;English;Hindi,17,1,Australian Catholic University (ACU),sydney,103,0.3493
23,Information Technology,Public Health;Information Technology,709,Kai Chan,sydney,Banking;Nursing;Engineering;Finance,Urdu,14,1,Australian Catholic University (ACU),sydney,103,0.3458
23,Information Technology,Public Health;Information Technology,724,Julia Zhang,sydney,Accounting;Banking;Marketing,Vietnamese,11,1,Australian Catholic University (ACU),sydney,103,0.3455
23,Information Technology,Public Health;Information Technology,294,Leah Fernandez,sydney,Finance;Ecology,Hindi;Japanese,9,1,Australian Catholic University (ACU),sydney,103,0.3431
23,Information Technology,Public Health;Information Technology,115,Alice Anderson,sydney,Psychology;Artificial Intelligence,Arabic;Korean;Spanish,10,1,Australian Catholic University (ACU),sydney,103,0.3348
23,Information Technology,Public Health;Information Technology,569,Iris Jones,sydney,Data Science;Psychology;Architecture;Ecology,Thai,10,1,Australian Catholic University (ACU),sydney,103,0.3346
23,Information Technology,Public Health;Information Technology,490,Jorge Sharma,sydney,Architecture;Film;Environmental Science;Nursing,Indonesian;Russian;Mandarin,1,1,Australian Catholic University (ACU),sydney,103,0.3312
23,Information Technology,Public Health;Information Technology,238,Noor Sanchez,sydney,Marketing;Ecology,Nepali;Urdu;French,2,1,Australian Catholic University (ACU),sydney,103,0.3289
23,Information Technology,Public Health;Information Technology,93,Lucia Choi,sydney,Architecture;Nursing;Marketing;Law,Japanese;Italian,8,1,Australian Catholic University (ACU),sydney,103,0.326
23,Information Technology,Public Health;Information Technology,516,Amir Liu,sydney,Nursing;Business;Film;Banking,Thai;Urdu,12,1,Australian Catholic University (ACU),sydney,103,0.3249
23,Information Technology,Public Health;Information Technology,616,Ava Wang,sydney,Artificial Intelligence;Architecture,Japanese;Korean,19,1,Australian Catholic University (ACU),sydney,103,0.3212
23,Information Technology,Public Health;Information Technology,531,Marcus Rodriguez,sydney,Renewable Energy;Ecology;Psychology,Hindi,12,1,Australian Catholic University (ACU),sydney,103,0.3093
23,Information Technology,Public Health;Information Technology,207,Nadia Johnson,sydney,Finance;Engineering;Cybersecurity,Thai,10,1,Australian Catholic University (ACU),sydney,103,0.3089
23,Information Technology,Public Health;Information Technology,418,Noor Kumar,sydney,Computer Science;Cybersecurity;Nursing,Korean,9,1,Australian Catholic University (ACU),sydney,103,0.3075
23,Information Technology,Public Health;Information Technology,783,Grace Anderson,sydney,Cybersecurity;Law;Engineering,Russian;English;Arabic,4,1,Australian Catholic University (ACU),sydney,103,0.3063
23,Information Technology,Public Health;Information Technology,515,Alice Williams,sydney,Marketing;Cybersecurity;International Law;Psychology,Indonesian;Urdu;German,7,1,Australian Catholic University (ACU),sydney,103,0.3055
23,Information Technology,Public Health;Information Technology,510,Aarav O'Neill,sydney,Architecture;Ecology;Engineering,Arabic;Nepali;French,16,1,Australian Catholic University (ACU),sydney,103,0.3052
23,Information Technology,Public Health;Information Technology,155,Harper Davis,sydney,Artificial Intelligence;Architecture;Ecology,Spanish,9,1,Australian Catholic University (ACU),sydney,103,0.2836
23,Information Technology,Public Health;Information Technology,70,Alice Lopez,sydney,Film;Accounting,English;Indonesian;Japanese,18,1,Australian Catholic University (ACU),sydney,103,0.2745
23,Information Technology,Public Health;Information Technology,799,Grace Wang,sydney,Architecture;Cybersecurity,Korean;Italian,7,1,Australian Catholic University (ACU),sydney,103,0.2111
